地铁线,区,点编号,地铁点,纬度,经度,边的起点编号,边的终点编号,起点纬度,起点经度,终点纬度,终点经度,,,,
1,闵行区,1,莘庄,31.11121476,121.3855616,1,1,31.11121476,121.3855616,31.1209034,121.3930209,31.11605908,121.3892913,0.00484432,0.00372965
1,闵行区,2,外环路,31.1209034,121.3930209,2,2,31.1209034,121.3930209,31.13083023,121.4027978,31.12586682,121.3979094,0.004963415,0.00488845
1,闵行区,3,莲花路,31.13083023,121.4027978,3,3,31.13083023,121.4027978,31.141967,121.4141598,31.13639862,121.4084788,0.005568385,0.005681
1,徐汇区,4,锦江乐园,31.141967,121.4141598,4,4,31.141967,121.4141598,31.15408368,121.4303053,31.14802534,121.4222326,0.00605834,0.00807275
1,徐汇区,5,上海南站,31.15408368,121.4303053,5,5,31.15408368,121.4303053,31.16849521,121.4340741,31.16128945,121.4321897,0.007205765,0.0018844
1,徐汇区,6,漕宝路,31.16849521,121.4340741,6,6,31.16849521,121.4340741,31.18246769,121.4369962,31.17548145,121.4355352,0.00698624,0.00146105
1,徐汇区,7,上海体育馆,31.18246769,121.4369962,7,7,31.18246769,121.4369962,31.19432018,121.4368161,31.18839394,121.4369062,0.005926245,-9.005E-05
1,徐汇区,8,徐家汇,31.19432018,121.4368161,8,8,31.19432018,121.4368161,31.2049887,121.44675,31.19965444,121.4417831,0.00533426,0.00496695
1,徐汇区,9,衡山路,31.2049887,121.44675,9,9,31.2049887,121.44675,31.21360199,121.4502166,31.20929535,121.4484833,0.004306645,0.0017333
1,徐汇区,10,常熟路,31.21360199,121.4502166,10,10,31.21360199,121.4502166,31.21596312,121.4591278,31.21478256,121.4546722,0.001180565,0.0044556
1,徐汇区,11,陕西南路,31.21596312,121.4591278,11,11,31.21596312,121.4591278,31.22282144,121.4732104,31.21939228,121.4661691,0.00342916,0.0070413
1,黄浦区,12,黄陂南路,31.22282144,121.4732104,12,12,31.22282144,121.4732104,31.23277805,121.4745619,31.22779975,121.4738862,0.004978305,0.00067575
1,黄浦区,13,人民广场,31.23277805,121.4745619,13,13,31.23277805,121.4745619,31.23859873,121.4683146,31.23568839,121.4714383,0.00291034,-0.00312365
1,黄浦区,14,新闸路,31.23859873,121.4683146,14,14,31.23859873,121.4683146,31.24113482,121.4587262,31.23986678,121.4635204,0.001268045,-0.0047942
1,静安区,15,汉中路,31.24113482,121.4587262,15,15,31.24113482,121.4587262,31.24889197,121.4575254,31.2450134,121.4581258,0.003878575,-0.0006004
1,静安区,16,上海火车站,31.24889197,121.4575254,16,16,31.24889197,121.4575254,31.2588637,121.4591845,31.25387784,121.458355,0.004985865,0.00082955
1,静安区,17,中山北路,31.2588637,121.4591845,17,17,31.2588637,121.4591845,31.27180669,121.4554775,31.2653352,121.457331,0.006471495,-0.0018535
1,静安区,18,延长路,31.27180669,121.4554775,18,18,31.27180669,121.4554775,31.27959233,121.4520909,31.27569951,121.4537842,0.00389282,-0.0016933
1,静安区,19,上海马戏城,31.27959233,121.4520909,19,19,31.27959233,121.4520909,31.29272163,121.4501265,31.28615698,121.4511087,0.00656465,-0.0009822
1,静安区,20,汶水路,31.29272163,121.4501265,20,20,31.29272163,121.4501265,31.30668998,121.4486753,31.29970581,121.4494009,0.006984175,-0.0007256
1,静安区,21,彭浦新村,31.30668998,121.4486753,21,21,31.30668998,121.4486753,31.31899751,121.447047,31.31284375,121.4478612,0.006153765,-0.00081415
1,静安区,22,共康路,31.31899751,121.447047,22,22,31.31899751,121.447047,31.33109876,121.4415419,31.32504814,121.4442945,0.006050625,-0.00275255
1,宝山区,23,通河新村,31.33109876,121.4415419,23,23,31.33109876,121.4415419,31.33975276,121.4377264,31.33542576,121.4396342,0.004327,-0.00190775
1,宝山区,24,呼兰路,31.33975276,121.4377264,24,24,31.33975276,121.4377264,31.35505844,121.434097,31.3474056,121.4359117,0.00765284,-0.0018147
1,宝山区,25,共富新村,31.35505844,121.434097,25,25,31.35505844,121.434097,31.36945523,121.4310483,31.36225684,121.4325727,0.007198395,-0.00152435
1,宝山区,26,宝安公路,31.36945523,121.4310483,26,26,31.36945523,121.4310483,31.38120623,121.4279888,31.37533073,121.4295186,0.0058755,-0.00152975
1,宝山区,27,友谊西路,31.38120623,121.4279888,27,27,31.38120623,121.4279888,31.392293,121.4246617,31.38674962,121.4263253,0.005543385,-0.00166355
1,宝山区,28,富 锦 路,31.392293,121.4246617,28,28,31.392293,121.4246617,31.392293,121.4246617,31.392293,121.4246617,0,0
2,浦东新区,1,浦东国际机场,31.15080179,121.8058171,29,29,31.15080179,121.8058171,31.16852226,121.7969338,31.15966203,121.8013755,0.008860235,-0.00444165
2,浦东新区,2,海天三路,31.16852226,121.7969338,30,30,31.16852226,121.7969338,31.19940039,121.7554457,31.18396133,121.7761898,0.015439065,-0.02074405
2,浦东新区,3,远东大道,31.19940039,121.7554457,31,31,31.19940039,121.7554457,31.19280877,121.7240967,31.19610458,121.7397712,-0.00329581,-0.0156745
2,浦东新区,4,凌空路,31.19280877,121.7240967,32,32,31.19280877,121.7240967,31.18660962,121.6980606,31.1897092,121.7110787,-0.003099575,-0.01301805
2,浦东新区,5,川沙,31.18660962,121.6980606,33,33,31.18660962,121.6980606,31.19662727,121.6808976,31.19161845,121.6894791,0.005008825,-0.0085815
2,浦东新区,6,华夏东路,31.19662727,121.6808976,34,34,31.19662727,121.6808976,31.21351546,121.6737493,31.20507137,121.6773235,0.008444095,-0.00357415
2,浦东新区,7,创新中路,31.21351546,121.6737493,35,35,31.21351546,121.6737493,31.21431488,121.6561918,31.21391517,121.6649706,0.00039971,-0.00877875
2,浦东新区,8,唐镇,31.21431488,121.6561918,36,36,31.21431488,121.6561918,31.21086978,121.6211626,31.21259233,121.6386772,-0.00172255,-0.0175146
2,浦东新区,9,广兰路,31.21086978,121.6211626,37,37,31.21086978,121.6211626,31.20417555,121.6019765,31.20752267,121.6115696,-0.003347115,-0.00959305
2,浦东新区,10,金科路,31.20417555,121.6019765,38,38,31.20417555,121.6019765,31.20167617,121.5877087,31.20292586,121.5948426,-0.00124969,-0.0071339
2,浦东新区,11,张江高科,31.20167617,121.5877087,39,39,31.20167617,121.5877087,31.20282889,121.5575192,31.20225253,121.572614,0.00057636,-0.01509475
2,浦东新区,12,龙阳路,31.20282889,121.5575192,40,40,31.20282889,121.5575192,31.20929107,121.5509483,31.20605998,121.5542338,0.00323109,-0.00328545
2,浦东新区,13,世纪公园,31.20929107,121.5509483,41,41,31.20929107,121.5509483,31.21856321,121.5448713,31.21392714,121.5479098,0.00463607,-0.0030385
2,浦东新区,14,上海科技馆,31.21856321,121.5448713,42,42,31.21856321,121.5448713,31.22891984,121.5269903,31.22374153,121.5359308,0.005178315,-0.0089405
2,浦东新区,15,世纪大道,31.22891984,121.5269903,43,43,31.22891984,121.5269903,31.23335064,121.5154202,31.23113524,121.5212053,0.0022154,-0.00578505
2,浦东新区,16,东昌路,31.23335064,121.5154202,44,44,31.23335064,121.5154202,31.23817032,121.5023797,31.23576048,121.5089,0.00240984,-0.00652025
2,浦东新区,17,陆家嘴,31.23817032,121.5023797,45,45,31.23817032,121.5023797,31.23799308,121.4842783,31.2380817,121.493329,-8.862E-05,-0.0090507
2,黄浦区,18,南京东路,31.23799308,121.4842783,46,46,31.23799308,121.4842783,31.23277805,121.4745619,31.23538557,121.4794201,-0.002607515,-0.0048582
2,黄浦区,19,人民广场,31.23277805,121.4745619,47,47,31.23277805,121.4745619,31.22802912,121.4594448,31.23040359,121.4670034,-0.002374465,-0.00755855
2,静安区,20,南京西路,31.22802912,121.4594448,48,48,31.22802912,121.4594448,31.22315888,121.4476528,31.225594,121.4535488,-0.00243512,-0.005896
2,静安区,21,静安寺,31.22315888,121.4476528,49,49,31.22315888,121.4476528,31.22020369,121.4312836,31.22168129,121.4394682,-0.001477595,-0.0081846
2,长宁区,22,江苏路,31.22020369,121.4312836,50,50,31.22020369,121.4312836,31.21822887,121.4163673,31.21921628,121.4238255,-0.00098741,-0.00745815
2,长宁区,23,中山公园,31.21822887,121.4163673,51,51,31.21822887,121.4163673,31.21112641,121.4038195,31.21467764,121.4100934,-0.00355123,-0.0062739
2,长宁区,24,娄山关路,31.21112641,121.4038195,52,52,31.21112641,121.4038195,31.2148238,121.3870513,31.21297511,121.3954354,0.001848695,-0.0083841
2,长宁区,25,威宁路,31.2148238,121.3870513,53,53,31.2148238,121.3870513,31.21644187,121.3740166,31.21563284,121.380534,0.000809035,-0.00651735
2,长宁区,26,北新泾,31.21644187,121.3740166,54,54,31.21644187,121.3740166,31.21818972,121.3594132,31.2173158,121.3667149,0.000873925,-0.0073017
2,长宁区,27,淞虹路,31.21818972,121.3594132,55,55,31.21818972,121.3594132,31.19379121,121.3261359,31.20599047,121.3427746,-0.012199255,-0.01663865
2,闵行区,28,虹桥2号航站楼 ,31.19379121,121.3261359,56,56,31.19379121,121.3261359,31.19396321,121.3214749,31.19387721,121.3238054,8.6E-05,-0.0023305
2,闵行区,29,虹桥火车站,31.19396321,121.3214749,57,57,31.19396321,121.3214749,31.18817965,121.2993571,31.19107143,121.310416,-0.00289178,-0.0110589
2,青浦区,30,徐泾东,31.18817965,121.2993571,58,58,31.18817965,121.2993571,31.18817965,121.2993571,31.18817965,121.2993571,0,0
3,徐汇区,1,上海南站,31.15408368,121.4303053,59,59,31.15408368,121.4303053,31.15791379,121.4431085,31.15599874,121.4367069,0.001915055,0.0064016
3,徐汇区,2,石龙路,31.15791379,121.4431085,60,60,31.15791379,121.4431085,31.16984456,121.4440376,31.16387918,121.4435731,0.005965385,0.00046455
3,徐汇区,3,龙漕路,31.16984456,121.4440376,61,61,31.16984456,121.4440376,31.1766357,121.4383414,31.17324013,121.4411895,0.00339557,-0.0028481
3,徐汇区,4,漕溪路,31.1766357,121.4383414,62,62,31.1766357,121.4383414,31.1863361,121.4272028,31.1814859,121.4327721,0.0048502,-0.0055693
3,徐汇区,5,宜山路,31.1863361,121.4272028,63,63,31.1863361,121.4272028,31.19691457,121.4216066,31.19162534,121.4244047,0.005289235,-0.0027981
3,长宁区,6,虹桥路,31.19691457,121.4216066,64,64,31.19691457,121.4216066,31.20961987,121.4170693,31.20326722,121.419338,0.00635265,-0.00226865
3,长宁区,7,延安西路,31.20961987,121.4170693,65,65,31.20961987,121.4170693,31.21822887,121.4163673,31.21392437,121.4167183,0.0043045,-0.000351
3,长宁区,8,中山公园,31.21822887,121.4163673,66,66,31.21822887,121.4163673,31.23190043,121.4128068,31.22506465,121.4145871,0.00683578,-0.00178025
3,普陀区,9,金沙江路,31.23190043,121.4128068,67,67,31.23190043,121.4128068,31.23858343,121.4179058,31.23524193,121.4153563,0.0033415,0.0025495
3,普陀区,10,曹杨路,31.23858343,121.4179058,68,68,31.23858343,121.4179058,31.24647436,121.4304401,31.2425289,121.424173,0.003945465,0.00626715
3,普陀区,11,镇坪路,31.24647436,121.4304401,69,69,31.24647436,121.4304401,31.25458115,121.4410549,31.25052776,121.4357475,0.004053395,0.0053074
3,普陀区,12,中潭路,31.25458115,121.4410549,70,70,31.25458115,121.4410549,31.24966297,121.4556254,31.25212206,121.4483402,-0.00245909,0.00728525
3,静安区,13,上海站,31.24966297,121.4556254,71,71,31.24966297,121.4556254,31.25148975,121.4763984,31.25057636,121.4660119,0.00091339,0.0103865
3,静安区,14,宝山路,31.25148975,121.4763984,72,72,31.25148975,121.4763984,31.26000905,121.4800885,31.2557494,121.4782435,0.00425965,0.00184505
3,虹口区,15,东宝兴路,31.26000905,121.4800885,73,73,31.26000905,121.4800885,31.27138451,121.4791715,31.26569678,121.47963,0.00568773,-0.0004585
3,虹口区,16,虹口足球场,31.27138451,121.4791715,74,74,31.27138451,121.4791715,31.28123616,121.4824562,31.27631034,121.4808139,0.004925825,0.00164235
3,虹口区,17,赤峰路,31.28123616,121.4824562,75,75,31.28123616,121.4824562,31.28946917,121.4832117,31.28535267,121.482834,0.004116505,0.00037775
3,虹口区,18,大柏树,31.28946917,121.4832117,76,76,31.28946917,121.4832117,31.30557526,121.4851899,31.29752222,121.4842008,0.008053045,0.0009891
3,虹口区,19,江湾镇,31.30557526,121.4851899,77,77,31.30557526,121.4851899,31.31981456,121.4849137,31.31269491,121.4850518,0.00711965,-0.0001381
3,宝山区,20,殷高西路,31.31981456,121.4849137,78,78,31.31981456,121.4849137,31.33220206,121.4915826,31.32600831,121.4882482,0.00619375,0.00333445
3,宝山区,21,长江南路,31.33220206,121.4915826,79,79,31.33220206,121.4915826,31.34520075,121.5004834,31.33870141,121.496033,0.006499345,0.0044504
3,宝山区,22,淞发路,31.34520075,121.5004834,80,80,31.34520075,121.5004834,31.35784668,121.4987858,31.35152372,121.4996346,0.006322965,-0.0008488
3,宝山区,23,张华浜,31.35784668,121.4987858,81,81,31.35784668,121.4987858,31.37126917,121.4927407,31.36455793,121.4957633,0.006711245,-0.00302255
3,宝山区,24,淞滨路,31.37126917,121.4927407,82,82,31.37126917,121.4927407,31.38135575,121.4881517,31.37631246,121.4904462,0.00504329,-0.0022945
3,宝山区,25,水产路,31.38135575,121.4881517,83,83,31.38135575,121.4881517,31.39542525,121.4796546,31.3883905,121.4839032,0.00703475,-0.00424855
3,宝山区,26,宝杨路,31.39542525,121.4796546,84,84,31.39542525,121.4796546,31.40413997,121.4758861,31.39978261,121.4777704,0.00435736,-0.00188425
3,宝山区,27,友谊路,31.40413997,121.4758861,85,85,31.40413997,121.4758861,31.40819388,121.4612294,31.40616693,121.4685578,0.002026955,-0.00732835
3,宝山区,28,铁力路,31.40819388,121.4612294,86,86,31.40819388,121.4612294,31.40788808,121.4398463,31.40804098,121.4505379,-0.0001529,-0.01069155
3,宝山区,29,江杨北路,31.40788808,121.4398463,87,87,31.40788808,121.4398463,31.40788808,121.4398463,31.40788808,121.4398463,0,0
4,徐汇区,1,宜山路,31.1863361,121.4272028,88,88,31.1863361,121.4272028,31.18246769,121.4369962,31.1844019,121.4320995,-0.001934205,0.0048967
4,徐汇区,2,上海体育馆,31.18246769,121.4369962,89,89,31.18246769,121.4369962,31.18550184,121.4434065,31.18398477,121.4402014,0.001517075,0.00320515
4,徐汇区,3,上海体育场,31.18550184,121.4434065,90,90,31.18550184,121.4434065,31.1910467,121.4547199,31.18827427,121.4490632,0.00277243,0.0056567
4,徐汇区,4,东安路,31.1910467,121.4547199,91,91,31.1910467,121.4547199,31.19388454,121.4637821,31.19246562,121.459251,0.00141892,0.0045311
4,徐汇区,5,大木桥路,31.19388454,121.4637821,92,92,31.19388454,121.4637821,31.19911724,121.4748004,31.19650089,121.4692913,0.00261635,0.00550915
4,黄浦区,6,鲁班路,31.19911724,121.4748004,93,93,31.19911724,121.4748004,31.20203815,121.4894752,31.2005777,121.4821378,0.001460455,0.0073374
4,黄浦区,7,西藏南路,31.20203815,121.4894752,94,94,31.20203815,121.4894752,31.20843615,121.4994631,31.20523715,121.4944692,0.003199,0.00499395
4,黄浦区,8,南浦大桥,31.20843615,121.4994631,95,95,31.20843615,121.4994631,31.20952986,121.5187967,31.20898301,121.5091299,0.000546855,0.0096668
4,浦东新区,9,塘桥,31.20952986,121.5187967,96,96,31.20952986,121.5187967,31.21173086,121.5278407,31.21063036,121.5233187,0.0011005,0.004522
4,浦东新区,10,蓝村路,31.21173086,121.5278407,97,97,31.21173086,121.5278407,31.2224284,121.5321924,31.21707963,121.5300166,0.00534877,0.00217585
4,浦东新区,11,浦电路,31.2224284,121.5321924,98,98,31.2224284,121.5321924,31.22891984,121.5269903,31.22567412,121.5295914,0.00324572,-0.00260105
4,浦东新区,12,世纪大道,31.22891984,121.5269903,99,99,31.22891984,121.5269903,31.23990389,121.5194805,31.23441187,121.5232354,0.005492025,-0.0037549
4,浦东新区,13,浦东大道,31.23990389,121.5194805,100,100,31.23990389,121.5194805,31.25196456,121.5173752,31.24593423,121.5184279,0.006030335,-0.00105265
4,虹口区,14,杨树浦路,31.25196456,121.5173752,101,101,31.25196456,121.5173752,31.25823756,121.5128632,31.25510106,121.5151192,0.0031365,-0.002256
4,虹口区,15,大连路,31.25823756,121.5128632,102,102,31.25823756,121.5128632,31.26094725,121.5010341,31.25959241,121.5069487,0.001354845,-0.00591455
4,虹口区,16,临平路,31.26094725,121.5010341,103,103,31.26094725,121.5010341,31.25921487,121.4890396,31.26008106,121.4950369,-0.00086619,-0.00599725
4,虹口区,17,海伦路,31.25921487,121.4890396,104,104,31.25921487,121.4890396,31.25148975,121.4763984,31.25535231,121.482719,-0.00386256,-0.0063206
4,静安区,18,宝山路,31.25148975,121.4763984,105,105,31.25148975,121.4763984,31.24889197,121.4575254,31.25019086,121.4669619,-0.00129889,-0.0094365
4,静安区,19,上海火车站,31.24889197,121.4575254,106,106,31.24889197,121.4575254,31.25458115,121.4410549,31.25173656,121.4492902,0.00284459,-0.00823525
4,普陀区,20,中潭路,31.25458115,121.4410549,107,107,31.25458115,121.4410549,31.24647436,121.4304401,31.25052776,121.4357475,-0.004053395,-0.0053074
4,普陀区,21,镇坪路,31.24647436,121.4304401,108,108,31.24647436,121.4304401,31.23858343,121.4179058,31.2425289,121.424173,-0.003945465,-0.00626715
4,普陀区,22,曹杨路,31.23858343,121.4179058,109,109,31.23858343,121.4179058,31.23190043,121.4128068,31.23524193,121.4153563,-0.0033415,-0.0025495
4,普陀区,23,金沙江路,31.23190043,121.4128068,110,110,31.23190043,121.4128068,31.21822887,121.4163673,31.22506465,121.4145871,-0.00683578,0.00178025
4,长宁区,24,中山公园,31.21822887,121.4163673,111,111,31.21822887,121.4163673,31.20961987,121.4170693,31.21392437,121.4167183,-0.0043045,0.000351
4,长宁区,25,延安西路,31.20961987,121.4170693,112,112,31.20961987,121.4170693,31.19691457,121.4216066,31.20326722,121.419338,-0.00635265,0.00226865
4,长宁区,26,虹桥路,31.19691457,121.4216066,113,113,31.19691457,121.4216066,31.1863361,121.4272028,31.19162534,121.4244047,-0.005289235,0.0027981
5,闵行区,1,莘庄,31.11121476,121.3855616,114,114,31.11121476,121.3855616,31.09829793,121.3857112,31.10475635,121.3856364,-0.006458415,7.48E-05
5,闵行区,2,春申路,31.09829793,121.3857112,115,115,31.09829793,121.3857112,31.08933387,121.3902769,31.0938159,121.3879941,-0.00448203,0.00228285
5,闵行区,3,银都路,31.08933387,121.3902769,116,116,31.08933387,121.3902769,31.0665361,121.4015569,31.07793499,121.3959169,-0.011398885,0.00564
5,闵行区,4,颛桥,31.0665361,121.4015569,117,117,31.0665361,121.4015569,31.04505085,121.410017,31.05579348,121.405787,-0.010742625,0.00423005
5,闵行区,5,北桥,31.04505085,121.410017,118,118,31.04505085,121.410017,31.02648345,121.4164952,31.03576715,121.4132561,-0.0092837,0.0032391
5,闵行区,6,剑川路,31.02648345,121.4164952,119,119,31.02648345,121.4164952,31.01821095,121.4198859,31.0223472,121.4181906,-0.00413625,0.00169535
5,闵行区,7,东川路,31.01821095,121.4198859,120,120,31.01821095,121.4198859,31.01108183,121.4100601,31.01464639,121.414973,-0.00356456,-0.0049129
5,闵行区,8,金平路,31.01108183,121.4100601,121,121,31.01108183,121.4100601,31.00736727,121.3951726,31.00922455,121.4026164,-0.00185728,-0.00744375
5,闵行区,9,华宁路,31.00736727,121.3951726,122,122,31.00736727,121.3951726,31.00352112,121.3808234,31.0054442,121.387998,-0.001923075,-0.0071746
5,闵行区,10,文井路,31.00352112,121.3808234,123,123,31.00352112,121.3808234,31.00061038,121.3698927,31.00206575,121.3753581,-0.00145537,-0.00546535
5,闵行区,11,闵行开发区,31.00061038,121.3698927,124,124,31.00061038,121.3698927,31.00061038,121.3698927,31.00061038,121.3698927,0,0
6,浦东新区,1,港城路,31.35299056,121.5748566,125,125,31.35299056,121.5748566,31.34773386,121.5869743,31.35036221,121.5809155,-0.00262835,0.00605885
6,浦东新区,2,外高桥保税区北,31.34773386,121.5869743,126,126,31.34773386,121.5869743,31.33538512,121.5939931,31.34155949,121.5904837,-0.00617437,0.0035094
6,浦东新区,3,航津路,31.33538512,121.5939931,127,127,31.33538512,121.5939931,31.32171357,121.6019529,31.32854935,121.597973,-0.006835775,0.0039799
6,浦东新区,4,外高桥保税区南,31.32171357,121.6019529,128,128,31.32171357,121.6019529,31.3123891,121.5893966,31.31705134,121.5956748,-0.004662235,-0.00627815
6,浦东新区,5,洲海路,31.3123891,121.5893966,129,129,31.3123891,121.5893966,31.30270247,121.5893747,31.30754579,121.5893857,-0.004843315,-1.095E-05
6,浦东新区,6,五洲大道,31.30270247,121.5893747,130,130,31.30270247,121.5893747,31.2907319,121.5888734,31.29671719,121.5891241,-0.005985285,-0.00025065
6,浦东新区,7,东靖路,31.2907319,121.5888734,131,131,31.2907319,121.5888734,31.28040924,121.589025,31.28557057,121.5889492,-0.00516133,7.58E-05
6,浦东新区,8,巨峰路,31.28040924,121.589025,132,132,31.28040924,121.589025,31.27190978,121.5880777,31.27615951,121.5885514,-0.00424973,-0.00047365
6,浦东新区,9,五莲路,31.27190978,121.5880777,133,133,31.27190978,121.5880777,31.26348,121.5867786,31.26769489,121.5874282,-0.00421489,-0.00064955
6,浦东新区,10,博兴路,31.26348,121.5867786,134,134,31.26348,121.5867786,31.25718096,121.5818705,31.26033048,121.5843246,-0.00314952,-0.00245405
6,浦东新区,11,金桥路,31.25718096,121.5818705,135,135,31.25718096,121.5818705,31.2504195,121.572743,31.25380023,121.5773068,-0.00338073,-0.00456375
6,浦东新区,12,云山路,31.2504195,121.572743,136,136,31.2504195,121.572743,31.24536993,121.5643198,31.24789472,121.5685314,-0.002524785,-0.0042116
6,浦东新区,13,德平路,31.24536993,121.5643198,137,137,31.24536993,121.5643198,31.23924112,121.5528091,31.24230553,121.5585645,-0.003064405,-0.00575535
6,浦东新区,14,北洋泾路,31.23924112,121.5528091,138,138,31.23924112,121.5528091,31.23587876,121.5434926,31.23755994,121.5481509,-0.00168118,-0.00465825
6,浦东新区,15,民生路,31.23587876,121.5434926,139,139,31.23587876,121.5434926,31.23300097,121.5346921,31.23443987,121.5390924,-0.001438895,-0.00440025
6,浦东新区,16,源深体育中心,31.23300097,121.5346921,140,140,31.23300097,121.5346921,31.22891984,121.5269903,31.23096041,121.5308412,-0.002040565,-0.0038509
6,浦东新区,17,世纪大道,31.22891984,121.5269903,141,141,31.22891984,121.5269903,31.2224284,121.5321924,31.22567412,121.5295914,-0.00324572,0.00260105
6,浦东新区,18,浦电路,31.2224284,121.5321924,142,142,31.2224284,121.5321924,31.21173086,121.5278407,31.21707963,121.5300166,-0.00534877,-0.00217585
6,浦东新区,19,蓝村路,31.21173086,121.5278407,143,143,31.21173086,121.5278407,31.2030747,121.5235263,31.20740278,121.5256835,-0.00432808,-0.0021572
6,浦东新区,20,上海儿童医学中心,31.2030747,121.5235263,144,144,31.2030747,121.5235263,31.19306455,121.5169902,31.19806963,121.5202583,-0.005005075,-0.00326805
6,浦东新区,21,临沂新村,31.19306455,121.5169902,145,145,31.19306455,121.5169902,31.18568204,121.5100044,31.1893733,121.5134973,-0.003691255,-0.0034929
6,浦东新区,22,高科西路,31.18568204,121.5100044,146,146,31.18568204,121.5100044,31.17269373,121.5114486,31.17918789,121.5107265,-0.006494155,0.0007221
6,浦东新区,23,东明路,31.17269373,121.5114486,147,147,31.17269373,121.5114486,31.15982348,121.5155336,31.16625861,121.5134911,-0.006435125,0.0020425
6,浦东新区,24,高青路,31.15982348,121.5155336,148,148,31.15982348,121.5155336,31.14982991,121.5147058,31.1548267,121.5151197,-0.004996785,-0.0004139
6,浦东新区,25,华夏西路,31.14982991,121.5147058,149,149,31.14982991,121.5147058,31.1491539,121.5063767,31.14949191,121.5105413,-0.000338005,-0.00416455
6,浦东新区,26,上南路,31.1491539,121.5063767,150,150,31.1491539,121.5063767,31.14872174,121.4952319,31.14893782,121.5008043,-0.00021608,-0.0055724
6,浦东新区,27,灵岩南路,31.14872174,121.4952319,151,151,31.14872174,121.4952319,31.15356324,121.4805833,31.15114249,121.4879076,0.00242075,-0.0073243
6,浦东新区,28,东方体育中心,31.15356324,121.4805833,152,152,31.15356324,121.4805833,31.15356324,121.4805833,31.15356324,121.4805833,0,0
7,浦东新区,1,花木路,31.21121427,121.5628017,153,153,31.21121427,121.5628017,31.20282889,121.5575192,31.20702158,121.5601605,-0.00419269,-0.00264125
7,浦东新区,2,龙阳路,31.20282889,121.5575192,154,154,31.20282889,121.5575192,31.19306751,121.5501086,31.1979482,121.5538139,-0.00488069,-0.0037053
7,浦东新区,3,芳华路,31.19306751,121.5501086,155,155,31.19306751,121.5501086,31.18741214,121.5401318,31.19023983,121.5451202,-0.002827685,-0.0049884
7,浦东新区,4,锦绣路,31.18741214,121.5401318,156,156,31.18741214,121.5401318,31.18746782,121.5253782,31.18743998,121.532755,2.784E-05,-0.0073768
7,浦东新区,5,杨高南路,31.18746782,121.5253782,157,157,31.18746782,121.5253782,31.18568204,121.5100044,31.18657493,121.5176913,-0.00089289,-0.0076869
7,浦东新区,6,高科西路,31.18568204,121.5100044,158,158,31.18568204,121.5100044,31.18215627,121.5003603,31.18391916,121.5051824,-0.001762885,-0.00482205
7,浦东新区,7,云台路,31.18215627,121.5003603,159,159,31.18215627,121.5003603,31.17853222,121.4945949,31.18034425,121.4974776,-0.001812025,-0.0028827
7,浦东新区,8,耀华路,31.17853222,121.4945949,160,160,31.17853222,121.4945949,31.17459207,121.4860976,31.17656215,121.4903463,-0.001970075,-0.00424865
7,浦东新区,9,长清路,31.17459207,121.4860976,161,161,31.17459207,121.4860976,31.17193704,121.4737301,31.17326456,121.4799139,-0.001327515,-0.00618375
7,浦东新区,10,后滩,31.17193704,121.4737301,162,162,31.17193704,121.4737301,31.18444219,121.4568737,31.17818962,121.4653019,0.006252575,-0.0084282
7,徐汇区,11,龙华中路,31.18444219,121.4568737,333,333,31.18444219,121.4568737,31.1910467,121.4547199,31.18774445,121.4557968,0.003302255,-0.0010769
7,徐汇区,12,东安路,31.1910467,121.4547199,164,164,31.1910467,121.4547199,31.19921507,121.4501452,31.19513089,121.4524326,0.004084185,-0.00228735
7,徐汇区,13,肇嘉浜路,31.19921507,121.4501452,165,165,31.19921507,121.4501452,31.21360199,121.4502166,31.20640853,121.4501809,0.00719346,3.57E-05
7,徐汇区,14,常熟路,31.21360199,121.4502166,166,166,31.21360199,121.4502166,31.22315888,121.4476528,31.21838044,121.4489347,0.004778445,-0.0012819
7,静安区,15,静安寺,31.22315888,121.4476528,167,167,31.22315888,121.4476528,31.23380747,121.4426117,31.22848318,121.4451323,0.005324295,-0.00252055
7,静安区,16,昌平路,31.23380747,121.4426117,168,168,31.23380747,121.4426117,31.24036936,121.4383441,31.23708842,121.4404779,0.003280945,-0.0021338
7,普陀区,17,长寿路,31.24036936,121.4383441,169,169,31.24036936,121.4383441,31.24647436,121.4304401,31.24342186,121.4343921,0.0030525,-0.003952
7,普陀区,18,镇坪路,31.24647436,121.4304401,170,170,31.24647436,121.4304401,31.25633157,121.4218972,31.25140297,121.4261687,0.004928605,-0.00427145
7,普陀区,19,岚皋路,31.25633157,121.4218972,171,171,31.25633157,121.4218972,31.26390395,121.4226003,31.26011776,121.4222488,0.00378619,0.00035155
7,普陀区,20,新村路,31.26390395,121.4226003,172,172,31.26390395,121.4226003,31.27393537,121.423062,31.26891966,121.4228312,0.00501571,0.00023085
7,宝山区,21,大华三路,31.27393537,121.423062,173,173,31.27393537,121.423062,31.28497297,121.4216377,31.27945417,121.4223499,0.0055188,-0.00071215
7,宝山区,22,行知路,31.28497297,121.4216377,174,174,31.28497297,121.4216377,31.29363226,121.4164733,31.28930262,121.4190555,0.004329645,-0.0025822
7,宝山区,23,大场镇,31.29363226,121.4164733,175,175,31.29363226,121.4164733,31.30374729,121.4136972,31.29868978,121.4150853,0.005057515,-0.00138805
7,宝山区,24,场中路,31.30374729,121.4136972,176,176,31.30374729,121.4136972,31.31468752,121.408531,31.30921741,121.4111141,0.005470115,-0.0025831
7,宝山区,25,上大路,31.31468752,121.408531,177,177,31.31468752,121.408531,31.32154832,121.3987661,31.31811792,121.4036486,0.0034304,-0.00488245
7,宝山区,26,南陈路,31.32154832,121.3987661,178,178,31.32154832,121.3987661,31.32054135,121.3888825,31.32104484,121.3938243,-0.000503485,-0.0049418
7,宝山区,27,上海大学,31.32054135,121.3888825,179,179,31.32054135,121.3888825,31.35131182,121.3823026,31.33592659,121.3855926,0.015385235,-0.00328995
7,宝山区,28,顾村公园,31.35131182,121.3823026,180,180,31.35131182,121.3823026,31.35766,121.3622915,31.35448591,121.3722971,0.00317409,-0.01000555
7,宝山区,29,刘行,31.35766,121.3622915,181,181,31.35766,121.3622915,31.36417975,121.3558277,31.36091988,121.3590596,0.003259875,-0.0032319
7,宝山区,30,潘广路,31.36417975,121.3558277,182,182,31.36417975,121.3558277,31.38858677,121.3575143,31.37638326,121.356671,0.01220351,0.0008433
7,宝山区,31,罗南新村,31.38858677,121.3575143,183,183,31.38858677,121.3575143,31.40193225,121.3499029,31.39525951,121.3537086,0.00667274,-0.0038057
7,宝山区,32,美兰湖,31.40193225,121.3499029,184,184,31.40193225,121.3499029,31.40193225,121.3499029,31.40193225,121.3499029,0,0
8,闵行区,1,沈杜公路,31.0613754,121.512494,185,185,31.0613754,121.512494,31.07353012,121.5106519,31.06745276,121.511573,0.00607736,-0.00092105
8,闵行区,2,联航路,31.07353012,121.5106519,186,186,31.07353012,121.5106519,31.08425969,121.5086371,31.07889491,121.5096445,0.005364785,-0.0010074
8,闵行区,3,江月路,31.08425969,121.5086371,187,187,31.08425969,121.5086371,31.096569,121.5063374,31.09041435,121.5074873,0.006154655,-0.00114985
8,闵行区,4,浦江镇,31.096569,121.5063374,188,188,31.096569,121.5063374,31.11910917,121.4981735,31.10783909,121.5022555,0.011270085,-0.00408195
8,闵行区,5,芦恒路,31.11910917,121.4981735,189,189,31.11910917,121.4981735,31.14130474,121.4895869,31.13020696,121.4938802,0.011097785,-0.0042933
8,浦东新区,6,凌兆新村,31.14130474,121.4895869,190,190,31.14130474,121.4895869,31.15356324,121.4805833,31.14743399,121.4850851,0.00612925,-0.0045018
8,浦东新区,7,东方体育中心,31.15356324,121.4805833,191,191,31.15356324,121.4805833,31.16105997,121.4937134,31.15731161,121.4871484,0.003748365,0.00656505
8,浦东新区,8,杨思,31.16105997,121.4937134,192,192,31.16105997,121.4937134,31.17097822,121.4968219,31.1660191,121.4952677,0.004959125,0.00155425
8,浦东新区,9,成山路,31.17097822,121.4968219,193,193,31.17097822,121.4968219,31.17853222,121.4945949,31.17475522,121.4957084,0.003777,-0.0011135
8,浦东新区,10,耀华路,31.17853222,121.4945949,194,194,31.17853222,121.4945949,31.18529726,121.4937098,31.18191474,121.4941524,0.00338252,-0.00044255
8,浦东新区,11,中华艺术宫,31.18529726,121.4937098,195,195,31.18529726,121.4937098,31.20203815,121.4894752,31.19366771,121.4915925,0.008370445,-0.0021173
8,黄浦区,12,西藏南路,31.20203815,121.4894752,196,196,31.20203815,121.4894752,31.2126262,121.482997,31.20733218,121.4862361,0.005294025,-0.0032391
8,黄浦区,13,陆家浜路,31.2126262,121.482997,197,197,31.2126262,121.482997,31.2190502,121.483491,31.2158382,121.483244,0.003212,0.000247
8,黄浦区,14,老西门,31.2190502,121.483491,198,198,31.2190502,121.483491,31.22737647,121.4793096,31.22321334,121.4814003,0.004163135,-0.0020907
8,黄浦区,15,大世界,31.22737647,121.4793096,199,199,31.22737647,121.4793096,31.23277805,121.4745619,31.23007726,121.4769358,0.00270079,-0.00237385
8,黄浦区,16,人民广场,31.23277805,121.4745619,200,200,31.23277805,121.4745619,31.24246587,121.4716148,31.23762196,121.4730884,0.00484391,-0.00147355
8,静安区,17,曲阜路,31.24246587,121.4716148,201,201,31.24246587,121.4716148,31.25310875,121.4688984,31.24778731,121.4702566,0.00532144,-0.0013582
8,静安区,18,中兴路,31.25310875,121.4688984,202,202,31.25310875,121.4688984,31.26347576,121.4687134,31.25829226,121.4688059,0.005183505,-9.25E-05
8,静安区,19,西藏北路,31.26347576,121.4687134,203,203,31.26347576,121.4687134,31.27138451,121.4791715,31.26743014,121.4739425,0.003954375,0.00522905
8,虹口区,20,虹口足球场,31.27138451,121.4791715,204,204,31.27138451,121.4791715,31.27652161,121.490764,31.27395306,121.4849678,0.00256855,0.00579625
8,虹口区,21,曲阳路,31.27652161,121.490764,205,205,31.27652161,121.490764,31.27491371,121.5014451,31.27571766,121.4961046,-0.00080395,0.00534055
8,虹口区,22,四平路,31.27491371,121.5014451,206,206,31.27491371,121.5014451,31.27325101,121.5096483,31.27408236,121.5055467,-0.00083135,0.0041016
8,杨浦区,23,鞍山新村,31.27325101,121.5096483,207,207,31.27325101,121.5096483,31.27509701,121.5182483,31.27417401,121.5139483,0.000923,0.0043
8,杨浦区,24,江浦路,31.27509701,121.5182483,208,208,31.27509701,121.5182483,31.27883247,121.5284024,31.27696474,121.5233254,0.00186773,0.00507705
8,杨浦区,25,黄兴路,31.27883247,121.5284024,209,209,31.27883247,121.5284024,31.28836701,121.5349334,31.28359974,121.5316679,0.00476727,0.0032655
8,杨浦区,26,延吉中路,31.28836701,121.5349334,210,210,31.28836701,121.5349334,31.29570933,121.5332231,31.29203817,121.5340783,0.00367116,-0.00085515
8,杨浦区,27,黄兴公园,31.29570933,121.5332231,211,211,31.29570933,121.5332231,31.30495212,121.5320114,31.30033073,121.5326173,0.004621395,-0.00060585
8,杨浦区,28,翔殷路,31.30495212,121.5320114,212,212,31.30495212,121.5320114,31.3148497,121.5320882,31.30990091,121.5320498,0.00494879,3.84E-05
8,杨浦区,29,嫩江路,31.3148497,121.5320882,213,213,31.3148497,121.5320882,31.32267413,121.5320273,31.31876192,121.5320578,0.003912215,-3.045E-05
8,杨浦区,30,市光路,31.32267413,121.5320273,214,214,31.32267413,121.5320273,31.32267413,121.5320273,31.32267413,121.5320273,0,0
9,浦东新区,1,曹路,31.27168616,121.6827839,215,215,31.27168616,121.6827839,31.26839236,121.6681594,31.27003926,121.6754717,-0.0016469,-0.00731225
9,浦东新区,2,民雷路,31.26839236,121.6681594,216,216,31.26839236,121.6681594,31.26606162,121.6565871,31.26722699,121.6623733,-0.00116537,-0.00578615
9,浦东新区,3,顾唐路,31.26606162,121.6565871,217,217,31.26606162,121.6565871,31.26332221,121.6387973,31.26469192,121.6476922,-0.001369705,-0.0088949
9,浦东新区,4,金海路,31.26332221,121.6387973,218,218,31.26332221,121.6387973,31.26427215,121.6285357,31.26379718,121.6336665,0.00047497,-0.0051308
9,浦东新区,5,金吉路,31.26427215,121.6285357,219,219,31.26427215,121.6285357,31.26064825,121.6112296,31.2624602,121.6198827,-0.00181195,-0.00865305
9,浦东新区,6,金桥,31.26064825,121.6112296,220,220,31.26064825,121.6112296,31.25257698,121.597839,31.25661262,121.6045343,-0.004035635,-0.0066953
9,浦东新区,7,台儿庄路,31.25257698,121.597839,221,221,31.25257698,121.597839,31.24086589,121.5777495,31.24672144,121.5877943,-0.005855545,-0.01004475
9,浦东新区,8,蓝天路,31.24086589,121.5777495,222,222,31.24086589,121.5777495,31.23151532,121.5585466,31.23619061,121.5681481,-0.004675285,-0.00960145
9,浦东新区,9,芳甸路,31.23151532,121.5585466,223,223,31.23151532,121.5585466,31.22747633,121.5487189,31.22949583,121.5536328,-0.002019495,-0.00491385
9,浦东新区,10,杨高中路,31.22747633,121.5487189,224,224,31.22747633,121.5487189,31.22891984,121.5269903,31.22819809,121.5378546,0.000721755,-0.0108643
9,浦东新区,11,世纪大道,31.22891984,121.5269903,225,225,31.22891984,121.5269903,31.23040264,121.5163292,31.22966124,121.5216598,0.0007414,-0.00533055
9,浦东新区,12,商城路,31.23040264,121.5163292,226,226,31.23040264,121.5163292,31.21701133,121.4982976,31.22370699,121.5073134,-0.006695655,-0.0090158
9,黄浦区,13,小南门,31.21701133,121.4982976,227,227,31.21701133,121.4982976,31.2116442,121.48612,31.21432777,121.4922088,-0.002683565,-0.0060888
9,黄浦区,14,陆家浜,31.2116442,121.48612,228,228,31.2116442,121.48612,31.20977316,121.4768318,31.21070868,121.4814759,-0.00093552,-0.0046441
9,黄浦区,15,马当路,31.20977316,121.4768318,229,229,31.20977316,121.4768318,31.20616524,121.4688764,31.2079692,121.4728541,-0.00180396,-0.0039777
9,黄浦区,16,打浦桥,31.20616524,121.4688764,230,230,31.20616524,121.4688764,31.20251692,121.4608704,31.20434108,121.4648734,-0.00182416,-0.004003
9,徐汇区,17,嘉善路,31.20251692,121.4608704,231,231,31.20251692,121.4608704,31.19921507,121.4501452,31.200866,121.4555078,-0.001650925,-0.0053626
9,徐汇区,18,肇嘉浜路,31.19921507,121.4501452,232,232,31.19921507,121.4501452,31.19432018,121.4368161,31.19676763,121.4434807,-0.002447445,-0.00666455
9,徐汇区,19,徐家汇,31.19432018,121.4368161,233,233,31.19432018,121.4368161,31.1863361,121.4272028,31.19032814,121.4320095,-0.00399204,-0.00480665
9,徐汇区,20,宜山路,31.1863361,121.4272028,234,234,31.1863361,121.4272028,31.17495691,121.4184958,31.18064651,121.4228493,-0.005689595,-0.0043535
9,徐汇区,21,桂林路,31.17495691,121.4184958,235,235,31.17495691,121.4184958,31.17052667,121.3977727,31.17274179,121.4081343,-0.00221512,-0.01036155
9,徐汇区,22,漕河泾开发区,31.17052667,121.3977727,236,236,31.17052667,121.3977727,31.16648958,121.3846734,31.16850813,121.3912231,-0.002018545,-0.00654965
9,闵行区,23,合川路,31.16648958,121.3846734,237,237,31.16648958,121.3846734,31.15820445,121.3689773,31.16234702,121.3768254,-0.004142565,-0.00784805
9,闵行区,24,星中路,31.15820445,121.3689773,238,238,31.15820445,121.3689773,31.15546628,121.3495158,31.15683537,121.3592466,-0.001369085,-0.00973075
9,闵行区,25,七宝,31.15546628,121.3495158,239,239,31.15546628,121.3495158,31.14938336,121.3376295,31.15242482,121.3435727,-0.00304146,-0.00594315
9,闵行区,26,中春路,31.14938336,121.3376295,240,240,31.14938336,121.3376295,31.13723903,121.3194955,31.1433112,121.3285625,-0.006072165,-0.009067
9,松江区,27,九亭,31.13723903,121.3194955,241,241,31.13723903,121.3194955,31.1183245,121.2603654,31.12778177,121.2899305,-0.009457265,-0.02956505
9,松江区,28,泗泾,31.1183245,121.2603654,242,242,31.1183245,121.2603654,31.1044565,121.2297088,31.1113905,121.2450371,-0.006934,-0.0153283
9,松江区,29,佘山,31.1044565,121.2297088,243,243,31.1044565,121.2297088,31.08447291,121.2305039,31.09446471,121.2301064,-0.009991795,0.00039755
9,松江区,30,洞泾,31.08447291,121.2305039,244,244,31.08447291,121.2305039,31.05413179,121.2326895,31.06930235,121.2315967,-0.01517056,0.0010928
9,松江区,31,松江大学城,31.05413179,121.2326895,245,245,31.05413179,121.2326895,31.03029664,121.2307473,31.04221422,121.2317184,-0.011917575,-0.0009711
9,松江区,32,松江新城,31.03029664,121.2307473,246,246,31.03029664,121.2307473,31.01613309,121.2305612,31.02321487,121.2306543,-0.007081775,-9.305E-05
9,松江区,33,松江体育中心,31.01613309,121.2305612,247,247,31.01613309,121.2305612,31.00108383,121.2291393,31.00860846,121.2298503,-0.00752463,-0.00071095
9,松江区,34,醉白池,31.00108383,121.2291393,248,248,31.00108383,121.2291393,30.98497924,121.2307852,30.99303154,121.2299623,-0.008052295,0.00082295
9,松江区,35,松江南站,30.98497924,121.2307852,249,249,30.98497924,121.2307852,30.98497924,121.2307852,30.98497924,121.2307852,0,0
10,杨浦区,1,新江湾城,31.32881374,121.5065964,250,250,31.32881374,121.5065964,31.32190174,121.5069704,31.32535774,121.5067834,-0.003456,0.000187
10,杨浦区,2,殷高东路,31.32190174,121.5069704,251,251,31.32190174,121.5069704,31.31314603,121.5080141,31.31752389,121.5074923,-0.004377855,0.00052185
10,杨浦区,3,三门路,31.31314603,121.5080141,252,252,31.31314603,121.5080141,31.30399176,121.5135049,31.3085689,121.5107595,-0.004577135,0.0027454
10,杨浦区,4,江湾体育场,31.30399176,121.5135049,253,253,31.30399176,121.5135049,31.29808439,121.514649,31.30103808,121.514077,-0.002953685,0.00057205
10,杨浦区,5,五角场,31.29808439,121.514649,254,254,31.29808439,121.514649,31.28931339,121.510225,31.29369889,121.512437,-0.0043855,-0.002212
10,杨浦区,6,国权路,31.28931339,121.510225,255,255,31.28931339,121.510225,31.28257536,121.5064796,31.28594438,121.5083523,-0.003369015,-0.0018727
10,杨浦区,7,同济大学,31.28257536,121.5064796,256,256,31.28257536,121.5064796,31.27491371,121.5014451,31.27874454,121.5039624,-0.003830825,-0.00251725
10,虹口区,8,四平路,31.27491371,121.5014451,257,257,31.27491371,121.5014451,31.26853888,121.4942687,31.2717263,121.4978569,-0.003187415,-0.0035882
10,虹口区,9,邮电新村,31.26853888,121.4942687,258,258,31.26853888,121.4942687,31.25921487,121.4890396,31.26387688,121.4916542,-0.004662005,-0.00261455
10,虹口区,10,海伦路,31.25921487,121.4890396,259,259,31.25921487,121.4890396,31.25200004,121.4842275,31.25560746,121.4866336,-0.003607415,-0.00240605
10,虹口区,11,四川北路,31.25200004,121.4842275,260,260,31.25200004,121.4842275,31.24434517,121.4822152,31.24817261,121.4832214,-0.003827435,-0.00100615
10,静安区,12,天潼路,31.24434517,121.4822152,261,261,31.24434517,121.4822152,31.23799308,121.4842783,31.24116913,121.4832468,-0.003176045,0.00103155
10,黄浦区,13,南京东路,31.23799308,121.4842783,262,262,31.23799308,121.4842783,31.22826047,121.4873206,31.23312678,121.4857995,-0.004866305,0.00152115
10,黄浦区,14,豫园,31.22826047,121.4873206,263,263,31.22826047,121.4873206,31.2190502,121.483491,31.22365534,121.4854058,-0.004605135,-0.0019148
10,黄浦区,15,老西门,31.2190502,121.483491,264,264,31.2190502,121.483491,31.21609416,121.4751688,31.21757218,121.4793299,-0.00147802,-0.0041611
10,黄浦区,16,新天地,31.21609416,121.4751688,265,265,31.21609416,121.4751688,31.21596312,121.4591278,31.21602864,121.4671483,-6.552E-05,-0.0080205
10,徐汇区,17,陕西南路,31.21596312,121.4591278,266,266,31.21596312,121.4591278,31.2080727,121.444336,31.21201791,121.4517319,-0.00394521,-0.0073959
10,徐汇区,18,上海图书馆,31.2080727,121.444336,267,267,31.2080727,121.444336,31.20210453,121.4346434,31.20508862,121.4394897,-0.002984085,-0.0048463
10,长宁区,19,交通大学,31.20210453,121.4346434,268,268,31.20210453,121.4346434,31.19691457,121.4216066,31.19950955,121.428125,-0.00259498,-0.0065184
10,长宁区,20,虹桥路,31.19691457,121.4216066,269,269,31.19691457,121.4216066,31.19612537,121.4126398,31.19651997,121.4171232,-0.0003946,-0.0044834
10,长宁区,21,宋园路,31.19612537,121.4126398,270,270,31.19612537,121.4126398,31.19872417,121.4041437,31.19742477,121.4083918,0.0012994,-0.00424805
10,长宁区,22,伊犁路,31.19872417,121.4041437,271,271,31.19872417,121.4041437,31.19930548,121.3918766,31.19901483,121.3980102,0.000290655,-0.00613355
10,长宁区,23,水城路,31.19930548,121.3918766,272,272,31.19930548,121.3918766,31.19439154,121.3801396,31.19684851,121.3860081,-0.00245697,-0.0058685
10,长宁区,24,龙溪路,31.19439154,121.3801396,273,273,31.19439154,121.3801396,31.19020743,121.3683155,31.19229949,121.3742276,-0.002092055,-0.00591205
10,长宁区,25,上海动物园,31.19020743,121.3683155,274,274,31.19020743,121.3683155,31.19142825,121.3469401,31.19081784,121.3576278,0.00061041,-0.0106877
10,长宁区,26,虹桥1号航站楼,31.19142825,121.3469401,275,275,31.19142825,121.3469401,31.19379121,121.3261359,31.19260973,121.336538,0.00118148,-0.0104021
10,闵行区,27,虹桥2号航站楼 ,31.19379121,121.3261359,276,276,31.19379121,121.3261359,31.19396321,121.3214749,31.19387721,121.3238054,8.6E-05,-0.0023305
10,闵行区,28,虹桥火车站,31.19396321,121.3214749,277,277,31.19396321,121.3214749,31.19396321,121.3214749,31.19396321,121.3214749,0,0
10,长宁区,29,龙溪路,31.19439154,121.3801396,421,421,31.19439154,121.3801396,31.17764082,121.3703416,31.18601618,121.3752406,-0.00837536,-0.004899
10,闵行区,30,龙柏新村,31.17764082,121.3703416,278,278,31.17764082,121.3703416,31.16976964,121.3643825,31.17370523,121.3673621,-0.00393559,-0.00297955
10,闵行区,31,紫藤路,31.16976964,121.3643825,279,279,31.16976964,121.3643825,31.16542845,121.3549263,31.16759905,121.3596544,-0.002170595,-0.0047281
10,闵行区,32,航中路,31.16542845,121.3549263,280,280,31.16542845,121.3549263,31.16542845,121.3549263,31.16542845,121.3549263,0,0
11,浦东新区,1,迪士尼,31.14131721,121.6680224,700,700,31.14131721,121.6680224,31.13037687,121.6173612,31.13584704,121.6426918,-0.00547017,-0.0253306
11,浦东新区,2,康新公路,31.13037687,121.6173612,281,281,31.13037687,121.6173612,31.13818803,121.5984834,31.13428245,121.6079223,0.00390558,-0.0094389
11,浦东新区,3,秀沿路,31.13818803,121.5984834,282,282,31.13818803,121.5984834,31.15343091,121.5931113,31.14580947,121.5957974,0.00762144,-0.00268605
11,浦东新区,4,罗山路,31.15343091,121.5931113,283,283,31.15343091,121.5931113,31.15822176,121.570688,31.15582634,121.5818997,0.002395425,-0.01121165
11,浦东新区,5,御桥,31.15822176,121.570688,284,284,31.15822176,121.570688,31.14647172,121.5231464,31.15234674,121.5469172,-0.00587502,-0.0237708
11,浦东新区,6,浦三路,31.15091596,121.5391288,286,286,31.15091596,121.5391288,31.14647172,121.5231464,31.14869384,121.5311376,-0.00222212,-0.0079912
11,浦东新区,7,三林东,31.14647172,121.5231464,287,287,31.14647172,121.5231464,31.14301226,121.511623,31.14474199,121.5173847,-0.00172973,-0.0057617
11,浦东新区,8,三林,31.14301226,121.511623,600,600,31.14301226,121.511623,31.15356324,121.4805833,31.14828775,121.4961032,0.00527549,-0.01551985
11,浦东新区,9,东方体育中心,31.15356324,121.4805833,288,288,31.15356324,121.4805833,31.15988948,121.4597451,31.15672636,121.4701642,0.00316312,-0.0104191
11,徐汇区,10,龙耀路,31.15988948,121.4597451,291,291,31.15988948,121.4597451,31.16677267,121.4584485,31.16333108,121.4590968,0.003441595,-0.0006483
11,徐汇区,11,云锦路,31.16677267,121.4584485,289,289,31.16677267,121.4584485,31.1728329,121.4528911,31.16980279,121.4556698,0.003030115,-0.0027787
11,徐汇区,12,龙华,31.1728329,121.4528911,290,290,31.1728329,121.4528911,31.17924884,121.4415415,31.17604087,121.4472163,0.00320797,-0.0056748
11,徐汇区,13,上海游泳馆,31.17924884,121.4415415,292,292,31.17924884,121.4415415,31.20210453,121.4346434,31.19067669,121.4380925,0.011427845,-0.00344905
11,长宁区,14,交通大学,31.20210453,121.4346434,293,293,31.20210453,121.4346434,31.19432018,121.4368161,31.19821236,121.4357298,-0.003892175,0.00108635
11,徐汇区,15,徐家汇,31.19432018,121.4368161,294,294,31.19432018,121.4368161,31.22020369,121.4312836,31.20726194,121.4340499,0.012941755,-0.00276625
11,长宁区,16,江苏路,31.22020369,121.4312836,295,295,31.22020369,121.4312836,31.23047565,121.423568,31.22533967,121.4274258,0.00513598,-0.0038578
11,普陀区,17,隆德路,31.23047565,121.423568,296,296,31.23047565,121.423568,31.23858343,121.4179058,31.23452954,121.4207369,0.00405389,-0.0028311
11,普陀区,18,曹杨路,31.23858343,121.4179058,297,297,31.23858343,121.4179058,31.24190091,121.4111658,31.24024217,121.4145358,0.00165874,-0.00337
11,普陀区,19,枫桥路,31.24190091,121.4111658,298,298,31.24190091,121.4111658,31.25070487,121.4072632,31.24630289,121.4092145,0.00440198,-0.0019513
11,普陀区,20,真如,31.25070487,121.4072632,299,299,31.25070487,121.4072632,31.26272711,121.4009163,31.25671599,121.4040898,0.00601112,-0.00317345
11,普陀区,21,上海西站,31.26272711,121.4009163,300,300,31.26272711,121.4009163,31.2689701,121.3900418,31.26584861,121.3954791,0.003121495,-0.00543725
11,普陀区,22,李子园,31.2689701,121.3900418,301,301,31.2689701,121.3900418,31.27154853,121.3759071,31.27025932,121.3829745,0.001289215,-0.00706735
11,普陀区,23,祁连山路,31.27154853,121.3759071,302,302,31.27154853,121.3759071,31.27681903,121.3648995,31.27418378,121.3704033,0.00263525,-0.0055038
11,普陀区,24,武威路,31.27681903,121.3648995,303,303,31.27681903,121.3648995,31.28163018,121.3495306,31.27922461,121.3572151,0.002405575,-0.00768445
11,普陀区,25,桃浦新村,31.28163018,121.3495306,304,304,31.28163018,121.3495306,31.296992,121.3233539,31.28931109,121.3364423,0.00768091,-0.01308835
11,嘉定区,26,南翔,31.296992,121.3233539,305,305,31.296992,121.3233539,31.31972179,121.2770417,31.3083569,121.3001978,0.011364895,-0.0231561
11,嘉定区,27,马陆,31.31972179,121.2770417,306,306,31.31972179,121.2770417,31.33008496,121.2544252,31.32490338,121.2657335,0.005181585,-0.01130825
11,嘉定区,28,嘉定新城,31.33008496,121.2544252,307,307,31.33008496,121.2544252,31.34536337,121.2453786,31.33772417,121.2499019,0.007639205,-0.0045233
11,嘉定区,29,白银路,31.34536337,121.2453786,308,308,31.34536337,121.2453786,31.37713188,121.2279226,31.36124763,121.2366506,0.015884255,-0.008728
11,嘉定区,30,嘉定西,31.37713188,121.2279226,309,309,31.37713188,121.2279226,31.39149632,121.2374995,31.3843141,121.2327111,0.00718222,0.00478845
11,嘉定区,31,嘉定北,31.39149632,121.2374995,310,310,31.39149632,121.2374995,31.39149632,121.2374995,31.39149632,121.2374995,0,0
11,嘉定区,32,嘉定新城,31.33008496,121.2544252,422,422,31.33008496,121.2544252,31.3318383,121.2261371,31.33096163,121.2402812,0.00087667,-0.01414405
11,嘉定区,33,上海赛车场,31.3318383,121.2261371,311,311,31.3318383,121.2261371,31.29359336,121.2004215,31.31271583,121.2132793,-0.01912247,-0.0128578
11,嘉定区,34,昌吉东路,31.29359336,121.2004215,312,312,31.29359336,121.2004215,31.28533888,121.1808451,31.28946612,121.1906333,-0.00412724,-0.0097882
11,嘉定区,35,上海汽车城,31.28533888,121.1808451,313,313,31.28533888,121.1808451,31.2884468,121.1620995,31.28689284,121.1714723,0.00155396,-0.0093728
11,嘉定区,36,安亭,31.2884468,121.1620995,314,314,31.2884468,121.1620995,31.2884468,121.1620995,31.2884468,121.1620995,0,0
5.5,闵行区,1,东川路,31.01821095,121.4198859,420,420,31.01821095,121.4198859,31.00548173,121.4234404,31.01184634,121.4216632,-0.00636461,0.00177725
5.5,闵行区,2,江川路,31.00548173,121.4234404,315,315,31.00548173,121.4234404,30.98926572,121.4324811,30.99737373,121.4279608,-0.008108005,0.00452035
5.5,奉贤区,3,西渡,30.98926572,121.4324811,316,316,30.98926572,121.4324811,30.96591638,121.4419816,30.97759105,121.4372314,-0.01167467,0.00475025
5.5,奉贤区,4,肖塘,30.96591638,121.4419816,317,317,30.96591638,121.4419816,30.94186227,121.4493002,30.95388933,121.4456409,-0.012027055,0.0036593
5.5,奉贤区,5,奉浦大道,30.94186227,121.4493002,318,318,30.94186227,121.4493002,30.93104856,121.4636298,30.93645542,121.456465,-0.005406855,0.0071648
5.5,奉贤区,6,环城东路,30.93104856,121.4493002,319,319,30.93104856,121.4636298,30.93197887,121.4837555,30.93151372,121.4736927,0.000465155,0.02439245
5.5,奉贤区,7,望园路,30.93197887,121.4493002,320,320,30.93197887,121.4837555,30.92896977,121.49248,30.93047432,121.4881178,-0.00150455,0.03881755
5.5,奉贤区,8,金海湖,30.92896977,121.4493002,321,321,30.92896977,121.49248,30.91419397,121.4961964,30.92158187,121.4943382,-0.0073879,0.045038
5.5,奉贤区,9,奉贤新城,30.91419397,121.4493002,322,322,30.91419397,121.4961964,30.91419397,121.4961964,30.91419397,121.4961964,0,0.0468962
12,闵行区,1,七莘路,31.13186528,121.4493002,323,323,31.13186528,121.3631236,31.13739852,121.3801688,31.1346319,121.3716462,0.00276662,-0.077654
12,闵行区,2,虹莘路,31.13739852,121.4493002,324,324,31.13739852,121.3801688,31.14092732,121.3923776,31.13916292,121.3862732,0.0017644,-0.063027
12,闵行区,3,顾戴路,31.14092732,121.4493002,325,325,31.14092732,121.3923776,31.15568894,121.3919795,31.14830813,121.3921786,0.00738081,-0.05712165
12,闵行区,4,东兰路,31.15568894,121.4493002,326,326,31.15568894,121.3919795,31.16033347,121.3973712,31.15801121,121.3946754,0.002322265,-0.05462485
12,闵行区,5,虹梅路,31.16033347,121.4493002,327,327,31.16033347,121.3973712,31.16410486,121.4105632,31.16221917,121.4039672,0.001885695,-0.045333
12,徐汇区,6,虹漕路,31.16410486,121.4493002,328,328,31.16410486,121.4105632,31.16687664,121.4192863,31.16549075,121.4149248,0.00138589,-0.03437545
12,徐汇区,7,桂林公园,31.16687664,121.4493002,329,329,31.16687664,121.4192863,31.16849521,121.4340741,31.16768593,121.4266802,0.000809285,-0.02262
12,徐汇区,8,漕宝路,31.16849521,121.4493002,330,330,31.16849521,121.4340741,31.16984456,121.4440376,31.16916989,121.4390559,0.000674675,-0.01024435
12,徐汇区,9,龙漕路,31.16984456,121.4493002,331,331,31.16984456,121.4440376,31.1728329,121.4528911,31.17133873,121.4484644,0.00149417,-0.00083585
12,徐汇区,10,龙华,31.1728329,121.4493002,332,332,31.1728329,121.4528911,31.18444219,121.4568737,31.17863755,121.4548824,0.005804645,0.0055822
12,徐汇区,11,龙华中路,31.18444219,121.4493002,500,500,31.18444219,121.4568737,31.19388454,121.4637821,31.18916337,121.4603279,0.004721175,0.0110277
12,徐汇区,12,大木桥路,31.19388454,121.4493002,334,334,31.19388454,121.4637821,31.20251692,121.4608704,31.19820073,121.4623263,0.00431619,0.01302605
12,徐汇区,13,嘉善路,31.20251692,121.4493002,335,335,31.20251692,121.4608704,31.21596312,121.4591278,31.20924002,121.4599991,0.0067231,0.0106989
12,徐汇区,14,陕西南路,31.21596312,121.4493002,336,336,31.21596312,121.4591278,31.22802912,121.4594448,31.22199612,121.4592863,0.006033,0.0099861
12,静安区,15,南京西路,31.22802912,121.4493002,337,337,31.22802912,121.4594448,31.24113482,121.4587262,31.23458197,121.4590855,0.00655285,0.0097853
12,静安区,16,汉中路,31.24113482,121.4493002,338,338,31.24113482,121.4587262,31.24246587,121.4716148,31.24180035,121.4651705,0.000665525,0.0158703
12,静安区,17,曲阜路,31.24246587,121.4493002,339,339,31.24246587,121.4716148,31.24434517,121.4822152,31.24340552,121.476915,0.00093965,0.0276148
12,静安区,18,天潼路,31.24434517,121.4493002,340,340,31.24434517,121.4822152,31.25019487,121.4982686,31.24727002,121.4902419,0.00292485,0.0409417
12,虹口区,19,国际客运中心,31.25019487,121.4493002,341,341,31.25019487,121.4982686,31.25350425,121.5066951,31.25184956,121.5024819,0.00165469,0.05318165
12,虹口区,20,提篮桥,31.25350425,121.4493002,342,342,31.25350425,121.5066951,31.25823756,121.5128632,31.25587091,121.5097792,0.002366655,0.06047895
12,虹口区,21,大连路,31.25823756,121.4493002,343,343,31.25823756,121.5128632,31.26446074,121.5237231,31.26134915,121.5182932,0.00311159,0.06899295
12,杨浦区,22,江浦公园,31.26446074,121.4493002,344,344,31.26446074,121.5237231,31.26844662,121.5324456,31.26645368,121.5280844,0.00199294,0.07878415
12,杨浦区,23,宁国路,31.26844662,121.4493002,345,345,31.26844662,121.5324456,31.27511057,121.5444128,31.2717786,121.5384292,0.003331975,0.089129
12,杨浦区,24,隆昌路,31.27511057,121.4493002,346,346,31.27511057,121.5444128,31.28001444,121.553038,31.27756251,121.5487254,0.002451935,0.0994252
12,杨浦区,25,爱国路,31.28001444,121.4493002,347,347,31.28001444,121.553038,31.28076929,121.5611374,31.28039187,121.5570877,0.000377425,0.1077875
12,杨浦区,26,复兴岛,31.28076929,121.4493002,348,348,31.28076929,121.5611374,31.28252663,121.5793235,31.28164796,121.5702305,0.00087867,0.12093025
12,浦东新区,27,东陆路,31.28252663,121.4493002,349,349,31.28252663,121.5793235,31.28040924,121.589025,31.28146794,121.5841743,-0.001058695,0.13487405
12,浦东新区,28,巨峰路,31.28040924,121.4493002,350,350,31.28040924,121.589025,31.28006426,121.6028729,31.28023675,121.595949,-0.00017249,0.14664875
12,浦东新区,29,杨高北路,31.28006426,121.4493002,351,351,31.28006426,121.6028729,31.27976014,121.6156225,31.2799122,121.6092477,-0.00015206,0.1599475
12,浦东新区,30,金京路,31.27976014,121.4493002,352,352,31.27976014,121.6156225,31.28021177,121.6272076,31.27998596,121.6214151,0.000225815,0.17211485
12,浦东新区,31,申江路,31.28021177,121.4493002,353,353,31.28021177,121.6272076,31.26332221,121.6387973,31.27176699,121.6330025,-0.00844478,0.18370225
12,浦东新区,32,金海路,31.26332221,121.4493002,354,354,31.26332221,121.6387973,31.26332221,121.6387973,31.26332221,121.6387973,0,0.1894971
13,嘉定区,1,金运路,31.24099845,121.4493002,355,355,31.24099845,121.3195947,31.24106026,121.3348731,31.24102936,121.3272339,3.0905E-05,-0.1220663
13,嘉定区,2,金沙江西路,31.24106026,121.4493002,356,356,31.24106026,121.3348731,31.24246578,121.3552906,31.24176302,121.3450819,0.00070276,-0.10421835
13,嘉定区,3,丰庄,31.24246578,121.4493002,357,357,31.24246578,121.3552906,31.23746561,121.3673263,31.2399657,121.3613085,-0.002500085,-0.08799175
13,普陀区,4,祁连山南路,31.23746561,121.4493002,358,358,31.23746561,121.3673263,31.23226365,121.3818935,31.23486463,121.3746099,-0.00260098,-0.0746903
13,普陀区,5,真北路,31.23226365,121.4493002,359,359,31.23226365,121.3818935,31.23175348,121.3946693,31.23200857,121.3882814,-0.000255085,-0.0610188
13,普陀区,6,大渡河路,31.23175348,121.4493002,360,360,31.23175348,121.3946693,31.23190043,121.4128068,31.23182696,121.4037381,7.3475E-05,-0.04556215
13,普陀区,7,金沙江路,31.23190043,121.4493002,361,361,31.23190043,121.4128068,31.23047565,121.423568,31.23118804,121.4181874,-0.00071239,-0.0311128
13,普陀区,8,隆德路,31.23047565,121.4493002,362,362,31.23047565,121.423568,31.23426955,121.4305895,31.2323726,121.4270788,0.00189695,-0.02222145
13,静安区,9,武宁路,31.23426955,121.4493002,363,363,31.23426955,121.4305895,31.24036936,121.4383441,31.23731946,121.4344668,0.003049905,-0.0148334
13,普陀区,10,长寿路,31.24036936,121.4493002,364,364,31.24036936,121.4383441,31.24438929,121.4447653,31.24237933,121.4415547,0.002009965,-0.0077455
13,普陀区,11,江宁路,31.24438929,121.4493002,365,365,31.24438929,121.4447653,31.24113482,121.4587262,31.24276206,121.4517458,-0.001627235,0.00244555
13,静安区,12,汉中路,31.24113482,121.4493002,366,366,31.24113482,121.4587262,31.23636473,121.4624996,31.23874978,121.4606129,-0.002385045,0.0113127
13,静安区,13,自然博物馆,31.23636473,121.4493002,367,367,31.23636473,121.4624996,31.22802912,121.4594448,31.23219693,121.4609722,-0.004167805,0.011672
13,静安区,14,南京西路,31.22802912,121.4493002,368,368,31.22802912,121.4594448,31.22009712,121.4641898,31.22406312,121.4618173,-0.003966,0.0125171
13,黄浦区,15,淮海中路,31.22009712,121.4493002,369,369,31.22009712,121.4641898,31.21609416,121.4751688,31.21809564,121.4696793,-0.00200148,0.0203791
13,黄浦区,16,新天地,31.21609416,121.4493002,370,370,31.21609416,121.4751688,31.20977316,121.4768318,31.21293366,121.4760003,-0.0031605,0.0267001
13,黄浦区,17,马当路,31.20977316,121.4493002,371,371,31.20977316,121.4768318,31.1973739,121.4816804,31.20357353,121.4792561,-0.00619963,0.0299559
13,黄浦区,18,世博会博物馆,31.1973739,121.4493002,372,372,31.1973739,121.4816804,31.18281738,121.4842876,31.19009564,121.482984,-0.00727826,0.0336838
13,浦东新区,19,世博大道,31.18281738,121.4493002,373,373,31.18281738,121.4842876,31.17459207,121.4860976,31.17870473,121.4851926,-0.004112655,0.0358924
13,浦东新区,20,长清路,31.17459207,121.4493002,374,374,31.17459207,121.4860976,31.17097822,121.4968219,31.17278515,121.4914598,-0.001806925,0.04215955
13,浦东新区,21,成山路,31.17097822,121.4493002,375,375,31.17097822,121.4968219,31.17269373,121.5114486,31.17183598,121.5041353,0.000857755,0.05483505
13,浦东新区,22,东明路,31.17269373,121.4493002,376,376,31.17269373,121.5114486,31.17642379,121.5266093,31.17455876,121.519029,0.00186503,0.06972875
13,浦东新区,23,华鹏路,31.17642379,121.4493002,377,377,31.17642379,121.5266093,31.17923314,121.5403718,31.17782847,121.5334906,0.001404675,0.08419035
13,浦东新区,24,下南路,31.17923314,121.4493002,378,378,31.17923314,121.5403718,31.18012998,121.5523677,31.17968156,121.5463698,0.00044842,0.09706955
13,浦东新区,25,北蔡,31.18012998,121.4493002,379,379,31.18012998,121.5523677,31.17500392,121.5576437,31.17756695,121.5550057,-0.00256303,0.1057055
13,浦东新区,26,陈春路,31.17500392,121.4493002,380,380,31.17500392,121.5576437,31.16899807,121.5664168,31.172001,121.5620303,-0.003002925,0.11273005
13,浦东新区,27,莲溪路,31.16899807,121.4493002,381,381,31.16899807,121.5664168,31.17514612,121.5823246,31.1720721,121.5743707,0.003074025,0.1250705
13,浦东新区,28,华夏中路,31.17514612,121.4493002,382,382,31.17514612,121.5823246,31.1788775,121.6020565,31.17701181,121.5921906,0.00186569,0.14289035
13,浦东新区,29,中科路,31.1788775,121.4493002,383,383,31.1788775,121.6020565,31.1834628,121.6144209,31.18117015,121.6082387,0.00229265,0.1589385
13,浦东新区,30,学林路,31.1834628,121.4493002,384,384,31.1834628,121.6144209,31.18920755,121.6289488,31.18633518,121.6216849,0.002872375,0.17238465
13,浦东新区,31,张江路,31.18920755,121.4493002,385,385,31.18920755,121.6289488,31.18920755,121.6289488,31.18920755,121.6289488,0,0.1796486
磁悬浮,浦东新区,1,龙阳路,31.20282889,121.4493002,386,386,31.20282889,121.5575192,31.14973379,121.8065901,31.17628134,121.6820547,-0.02654755,0.23275445
磁悬浮,浦东新区,2,浦东国际机场,31.15080179,121.4493002,387,387,31.15080179,121.8058171,31.14973379,121.8065901,31.15026779,121.8062036,-0.000534,0.3569034
16,浦东新区,1,龙阳路,31.20282889,121.4493002,388,388,31.20282889,121.5575192,31.17514612,121.5823246,31.18898751,121.5699219,-0.013841385,0.1206217
16,浦东新区,2,华夏中路,31.17514612,121.4493002,389,389,31.17514612,121.5823246,31.15343091,121.5931113,31.16428852,121.587718,-0.010857605,0.13841775
16,浦东新区,3,罗山路,31.15343091,121.4493002,390,390,31.15343091,121.5931113,31.10984923,121.6070206,31.13164007,121.600066,-0.02179084,0.15076575
16,浦东新区,4,周浦,31.10984923,121.4493002,391,391,31.10984923,121.6070206,31.07800226,121.6112524,31.09392575,121.6091365,-0.015923485,0.1598363
16,浦东新区,5,鹤沙航城,31.07800226,121.4493002,392,392,31.07800226,121.6112524,31.05491834,121.6175346,31.0664603,121.6143935,-0.01154196,0.1650933
16,浦东新区,6,航头东,31.05491834,121.4493002,393,393,31.05491834,121.6175346,31.04545606,121.6489247,31.0501872,121.6332297,-0.00473114,0.18392945
16,浦东新区,7,新场,31.04545606,121.4493002,394,394,31.04545606,121.6489247,31.05036087,121.6992601,31.04790847,121.6740924,0.002452405,0.2247922
16,浦东新区,8,野生动物园,31.05036087,121.4493002,395,395,31.05036087,121.6992601,31.05373961,121.7617496,31.05205024,121.7305049,0.00168937,0.28120465
16,浦东新区,9,惠南,31.05373961,121.4493002,396,396,31.05373961,121.7617496,31.02648536,121.7938621,31.04011249,121.7778059,-0.013627125,0.32850565
16,浦东新区,10,惠南东,31.02648536,121.4493002,397,397,31.02648536,121.7938621,30.95935567,121.8506228,30.99292052,121.8222425,-0.033564845,0.37294225
16,浦东新区,11,书院,30.95935567,121.4493002,398,398,30.95935567,121.8506228,30.92348085,121.9108535,30.94141826,121.8807382,-0.01793741,0.43143795
16,浦东新区,12,临港大道,30.92348085,121.4493002,399,399,30.92348085,121.9108535,30.90697439,121.9298949,30.91522762,121.9203742,-0.00825323,0.471074
16,浦东新区,13,滴水湖,30.90697439,121.4493002,400,400,30.90697439,121.9298949,30.90697439,121.9298949,30.90697439,121.9298949,0,0.4805947
17,闵行区,1,虹桥火车站,31.19396321,121.4493002,401,401,31.19396321,121.3214749,31.19177754,121.2931324,31.19287038,121.3073037,-0.001092835,-0.14199655
17,青浦区,2,诸光路,31.19177754,121.4493002,402,402,31.19177754,121.2931324,31.18657563,121.2785758,31.18917659,121.2858541,-0.002600955,-0.1634461
17,青浦区,3,蟠龙路,31.18657563,121.4493002,403,403,31.18657563,121.2785758,31.17831406,121.2540285,31.18244485,121.2663022,-0.004130785,-0.18299805
17,青浦区,4,徐盈路,31.17831406,121.4493002,404,404,31.17831406,121.2540285,31.17547474,121.2416622,31.1768944,121.2478454,-0.00141966,-0.20145485
17,青浦区,5,徐泾北城,31.17547474,121.4493002,405,405,31.17547474,121.2416622,31.16400915,121.2240663,31.16974195,121.2328643,-0.005732795,-0.21643595
17,青浦区,6,嘉松中路,31.16400915,121.4493002,406,406,31.16400915,121.2240663,31.16114078,121.1921337,31.16257497,121.2081,-0.001434185,-0.2412002
17,青浦区,7,赵巷,31.16114078,121.4493002,407,407,31.16114078,121.1921337,31.16121071,121.1517867,31.16117575,121.1719602,3.4965E-05,-0.27734
17,青浦区,8,汇金路,31.16121071,121.4493002,408,408,31.16121071,121.1517867,31.15880359,121.1253577,31.16000715,121.1385722,-0.00120356,-0.310728
17,青浦区,9,青浦新城,31.15880359,121.4493002,409,409,31.15880359,121.1253577,31.16041894,121.0966999,31.15961127,121.1110288,0.000807675,-0.3382714
17,青浦区,10,漕盈路,31.16041894,121.4493002,410,410,31.16041894,121.0966999,31.13437264,121.0820541,31.14739579,121.089377,-0.01302315,-0.3599232
17,青浦区,11,淀山湖大道,31.13437264,121.4493002,411,411,31.13437264,121.0820541,31.10041767,121.0490582,31.11739516,121.0655562,-0.016977485,-0.38374405
17,青浦区,12,朱家角,31.10041767,121.4493002,412,412,31.10041767,121.0490582,31.09847508,121.0196081,31.09944638,121.0343332,-0.000971295,-0.41496705
17,青浦区,13,东方绿舟,31.09847508,121.4493002,413,413,31.09847508,121.0196081,31.09847508,121.0196081,31.09847508,121.0196081,0,-0.4296921
浦江线,闵行区,1,沈杜公路,31.0613754,121.4493002,414,414,31.0613754,121.512494,31.0560851,121.5275197,31.05873025,121.5200069,-0.00264515,0.07070665
浦江线,闵行区,2,三鲁公路,31.0560851,121.4493002,415,415,31.0560851,121.5275197,31.04805547,121.5304428,31.05207029,121.5289813,-0.004014815,0.07968105
浦江线,闵行区,3,闵瑞路,31.04805547,121.4493002,416,416,31.04805547,121.5304428,31.04101547,121.5307218,31.04453547,121.5305823,-0.00352,0.0812821
浦江线,闵行区,4,浦航路,31.04101547,121.4493002,417,417,31.04101547,121.5307218,31.03039181,121.5322169,31.03570364,121.5314694,-0.00531183,0.08216915
浦江线,闵行区,5,东城一路,31.03039181,121.4493002,418,418,31.03039181,121.5322169,31.02527887,121.5246731,31.02783534,121.528445,-0.00255647,0.0791448
浦江线,闵行区,6,汇臻路,31.02527887,121.4493002,419,419,31.02527887,121.5246731,31.02527887,121.5246731,31.02527887,121.5246731,0,0.0753729
